Epoch,Before Cost,After Cost
"[0, 159375.61700439453, 146412.66793823242]"
"[1, 159127.0703125, 145856.72485351562]"
"[2, 167895.9766845703, 154867.53149414062]"
"[3, 167426.66381835938, 153666.7026977539]"
"[4, 163428.52209472656, 150010.42791748047]"
"[5, 167029.36596679688, 152253.99047851562]"
"[6, 164137.2275390625, 150095.4672241211]"
"[7, 168252.46307373047, 154441.5272216797]"
"[8, 167126.74084472656, 153784.73748779297]"
"[9, 164813.9359741211, 151531.10290527344]"
"[10, 164251.40850830078, 149962.93994140625]"
"[11, 165310.73504638672, 151151.28631591797]"
"[12, 164954.46026611328, 151811.95419311523]"
"[13, 161703.61709594727, 148264.00381469727]"
"[14, 164471.03289794922, 150763.95321655273]"
"[15, 157548.45043945312, 144675.8187866211]"
"[16, 165330.70178222656, 151937.41412353516]"
"[17, 165381.35314941406, 152036.7840576172]"
"[18, 166933.9793701172, 154208.13088989258]"
"[19, 166302.57696533203, 152539.00659179688]"
"[20, 163883.19067382812, 150825.16513061523]"
"[21, 165460.71002197266, 152217.6167602539]"
"[22, 170972.06640625, 156415.9921875]"
"[23, 163653.45416259766, 149310.00958251953]"
"[24, 164050.81201171875, 151880.13232421875]"
"[25, 158678.95831298828, 145594.58395385742]"
"[26, 173115.77508544922, 159149.34356689453]"
"[27, 163727.20501708984, 150524.08099365234]"
"[28, 166151.9227294922, 151796.8911743164]"
"[29, 165433.30712890625, 152455.9263305664]"
"[30, 162963.62719726562, 149556.4974975586]"
"[31, 173805.00909423828, 159569.5438232422]"
"[32, 172033.47973632812, 157617.06280517578]"
"[33, 168497.19262695312, 154924.90228271484]"
"[34, 164109.2440185547, 150890.38775634766]"
"[35, 166194.88427734375, 153021.90594482422]"
"[36, 167829.63104248047, 153826.6469116211]"
"[37, 173016.4774169922, 158566.55493164062]"
"[38, 164447.90002441406, 151637.00228881836]"
"[39, 164991.3341064453, 151861.11810302734]"
"[40, 161150.33374023438, 148794.9072265625]"
"[41, 165236.09765625, 152365.65936279297]"
"[42, 162398.75720214844, 148373.4819946289]"
"[43, 166871.74377441406, 153709.2657470703]"
"[44, 166113.34130859375, 151844.75714111328]"
"[45, 167738.85131835938, 154215.66571044922]"
"[46, 165425.7728881836, 152097.06604003906]"
"[47, 164771.84631347656, 150069.07669067383]"
"[48, 165099.26171875, 151827.63671875]"
"[49, 164717.9116821289, 151383.6181640625]"
"[50, 173409.05126953125, 160103.81713867188]"
"[51, 175106.95196533203, 161460.21954345703]"
"[52, 168241.5155029297, 155154.86444091797]"
"[53, 167248.7537841797, 153389.28302001953]"
"[54, 165172.65368652344, 152220.28900146484]"
"[55, 163024.32489013672, 149874.74014282227]"
"[56, 154567.34313964844, 141724.99783325195]"
"[57, 169572.94854736328, 155688.04125976562]"
"[58, 163482.36236572266, 150151.05548095703]"
"[59, 168060.53839111328, 155467.59478759766]"
"[60, 164878.19024658203, 151376.6092529297]"
"[61, 170510.8950805664, 157143.16107177734]"
"[62, 164058.12829589844, 149420.89630126953]"
"[63, 164837.32159423828, 151129.98168945312]"
"[64, 172490.12921142578, 159752.79061889648]"
"[65, 166795.99438476562, 153210.54553222656]"
"[66, 165883.71893310547, 150570.36599731445]"
"[67, 161571.1414794922, 148680.73989868164]"
"[68, 175062.35229492188, 160411.12591552734]"
"[69, 167148.5796508789, 153395.33404541016]"
"[70, 167989.26696777344, 155089.65844726562]"
"[71, 162135.54455566406, 148934.1870727539]"
"[72, 167414.03106689453, 153421.30499267578]"
"[73, 168437.59063720703, 153953.98638916016]"
"[74, 164559.37426757812, 149813.23956298828]"
"[75, 160924.73736572266, 147941.6612548828]"
"[76, 165755.05029296875, 152164.54455566406]"
"[77, 171731.2286376953, 158148.46041870117]"
"[78, 165557.68341064453, 152034.6060180664]"
"[79, 163299.96600341797, 150354.3002319336]"
"[80, 166720.00286865234, 153680.8706665039]"
"[81, 160185.31805419922, 147251.873046875]"
"[82, 164431.79541015625, 150728.2041015625]"
"[83, 163827.3960571289, 149996.10327148438]"
"[84, 171364.7865600586, 157466.7694091797]"
"[85, 162562.20178222656, 148642.41278076172]"
"[86, 164133.88665771484, 151201.58673095703]"
"[87, 155880.8482055664, 143756.7644958496]"
"[88, 165767.38201904297, 152462.81872558594]"
"[89, 167147.54107666016, 154092.0936279297]"
"[90, 166206.8803100586, 153849.09375]"
"[91, 166492.53063964844, 153178.12649536133]"
"[92, 168348.8106689453, 156004.78421020508]"
"[93, 170376.0841064453, 155842.8285522461]"
"[94, 164332.3980102539, 152021.5505065918]"
"[95, 164739.86907958984, 150527.9259033203]"
"[96, 166494.59118652344, 153602.02313232422]"
"[97, 165537.25524902344, 152879.87603759766]"
"[98, 162852.53448486328, 150244.40264892578]"
"[99, 164461.001953125, 151761.7387084961]"
"[100, 172233.7260131836, 159516.95703125]"
"[101, 171068.3198852539, 155708.78515625]"
"[102, 162468.19104003906, 149657.78256225586]"
"[103, 167215.38800048828, 153210.13537597656]"
"[104, 168514.63903808594, 154858.42578125]"
"[105, 170019.9808959961, 156211.58984375]"
"[106, 167493.0609741211, 153710.2407836914]"
"[107, 164509.28631591797, 150267.82513427734]"
"[108, 165556.89556884766, 152234.49755859375]"
"[109, 166772.7847290039, 153144.83721923828]"
"[110, 164841.16180419922, 150681.87744140625]"
"[111, 169468.45733642578, 155327.8631591797]"
"[112, 164201.05529785156, 150516.15509033203]"
"[113, 168982.8716430664, 155032.42572021484]"
"[114, 172004.02960205078, 158396.92944335938]"
"[115, 165878.57208251953, 152963.67614746094]"
"[116, 175134.8081665039, 161441.28289794922]"
"[117, 159032.7380065918, 145349.1969909668]"
"[118, 159938.19793701172, 146599.0089416504]"
"[119, 162044.09533691406, 148769.658203125]"
"[120, 163221.7025756836, 149223.9044189453]"
"[121, 162263.66485595703, 149271.83435058594]"
"[122, 168481.06231689453, 155381.86306762695]"
"[123, 163595.47900390625, 150200.04257202148]"
"[124, 163311.98724365234, 149700.0076599121]"
"[125, 168545.84271240234, 154688.12927246094]"
"[126, 163802.52014160156, 151181.77410888672]"
"[127, 162560.38455200195, 148741.10647583008]"
"[128, 158065.84838867188, 145364.11309814453]"
"[129, 165411.35107421875, 151403.94387817383]"
"[130, 167949.58294677734, 153303.23205566406]"
"[131, 167263.84088134766, 151956.36389160156]"
"[132, 164958.8916015625, 151265.7205810547]"
"[133, 159103.0574951172, 145735.92358398438]"
"[134, 163486.01885986328, 149877.45501708984]"
"[135, 168928.7650756836, 154254.93560791016]"
"[136, 164120.66033935547, 151049.9425048828]"
"[137, 163051.5962524414, 150027.4229736328]"
"[138, 164823.5946044922, 150343.33813476562]"
"[139, 167416.91326904297, 153848.41107177734]"
"[140, 164652.66632080078, 151947.84008789062]"
"[141, 166837.30673217773, 152682.31057739258]"
"[142, 168580.17010498047, 154196.23501586914]"
"[143, 170365.40893554688, 157020.75259399414]"
"[144, 161551.84338378906, 148255.68823242188]"
"[145, 173402.93829345703, 159573.70263671875]"
"[146, 168005.16357421875, 154360.16766357422]"
"[147, 160038.09002685547, 145551.48681640625]"
"[148, 161355.72064208984, 148072.9930419922]"
"[149, 169400.5971069336, 155540.81689453125]"
"[150, 166883.1553955078, 153339.42861938477]"
"[151, 166886.35650634766, 151975.435546875]"
"[152, 169971.46685791016, 157295.12335205078]"
"[153, 162774.60931396484, 148870.03491210938]"
"[154, 164869.26782226562, 150707.7021484375]"
"[155, 161321.85333251953, 146727.10900878906]"
"[156, 160956.11260986328, 147461.25311279297]"
"[157, 158956.5844116211, 145668.10525512695]"
"[158, 163644.08367919922, 150483.15698242188]"
"[159, 166271.0697631836, 152673.95294189453]"
"[160, 164450.50732421875, 150813.17163085938]"
"[161, 171140.81616210938, 157270.89825439453]"
"[162, 169095.93908691406, 155067.33502197266]"
"[163, 167628.48486328125, 153280.3969116211]"
"[164, 166057.58514404297, 152219.58428955078]"
"[165, 160415.01666259766, 146142.1216430664]"
"[166, 170154.26666259766, 155976.12329101562]"
"[167, 169057.23858642578, 154525.46249389648]"
"[168, 155570.10766601562, 142176.8475341797]"
"[169, 165761.10137939453, 151720.0894165039]"
"[170, 163941.5340270996, 151769.90060424805]"
"[171, 159321.28771972656, 146052.9600830078]"
"[172, 167507.81201171875, 152234.22296142578]"
"[173, 161663.69873046875, 148258.30242919922]"
"[174, 167247.9949951172, 152325.26336669922]"
"[175, 161386.50732421875, 148544.0405883789]"
"[176, 166267.23736572266, 152096.11434936523]"
"[177, 167476.0210571289, 153221.2427368164]"
"[178, 175468.53924560547, 160112.4578552246]"
"[179, 166249.68139648438, 152917.9559326172]"
"[180, 164441.2020263672, 150482.76959228516]"
"[181, 166898.73999023438, 152827.98767089844]"
"[182, 169047.24047851562, 156881.14123535156]"
"[183, 166086.24194335938, 153363.13543701172]"
"[184, 163218.25750732422, 149541.10388183594]"
"[185, 162150.62091064453, 147996.05770874023]"
"[186, 166665.9701538086, 152907.82177734375]"
"[187, 167250.19067382812, 152478.25555419922]"
"[188, 161217.1547241211, 148318.7908935547]"
"[189, 166318.220703125, 153162.14263916016]"
"[190, 167919.4418334961, 154289.07971191406]"
"[191, 173435.42010498047, 159344.1460571289]"
"[192, 165176.49584960938, 151211.54919433594]"
"[193, 166192.9331665039, 152718.77987670898]"
"[194, 156018.12298583984, 142250.7706604004]"
"[195, 158125.18426513672, 143853.88287353516]"
"[196, 168253.15368652344, 153551.5675048828]"
"[197, 166493.0825805664, 152069.67608642578]"
"[198, 161507.5008544922, 149099.84048461914]"
"[199, 167994.169921875, 153644.58685302734]"
"[200, 163456.7837524414, 150237.71685791016]"
"[201, 168827.07110595703, 154977.59609985352]"
"[202, 168858.84423828125, 153949.73861694336]"
"[203, 168069.6072998047, 155041.41143798828]"
"[204, 166301.09661865234, 153520.21063232422]"
"[205, 164472.28387451172, 150830.1756591797]"
"[206, 159505.43615722656, 146085.02801513672]"
"[207, 165069.55084228516, 150850.34796142578]"
"[208, 164364.84741210938, 151819.28479003906]"
"[209, 160270.83654785156, 146039.0380859375]"
"[210, 165303.74584960938, 151372.7553100586]"
"[211, 167565.36596679688, 153638.33264160156]"
"[212, 157872.22149658203, 143698.83239746094]"
"[213, 167264.2767944336, 152471.80535888672]"
"[214, 165684.76495361328, 152577.0297241211]"
"[215, 164374.94793701172, 150532.87811279297]"
"[216, 168575.10229492188, 155310.814453125]"
"[217, 166218.0619506836, 152340.27966308594]"
"[218, 168713.38024902344, 152623.80792236328]"
"[219, 168425.17840576172, 155344.60369873047]"
"[220, 174325.41271972656, 160868.09442138672]"
"[221, 165440.4725341797, 151865.43432617188]"
"[222, 164229.31799316406, 150441.55798339844]"
"[223, 160365.16162109375, 147520.06942749023]"
"[224, 173139.14685058594, 158456.68713378906]"
"[225, 164013.45306396484, 149225.40185546875]"
"[226, 163431.40228271484, 149946.82220458984]"
"[227, 171765.2518310547, 157692.49841308594]"
"[228, 170758.85870361328, 158137.58758544922]"
"[229, 168791.64044189453, 154030.54229736328]"
"[230, 162936.64825439453, 150255.13415527344]"
"[231, 166819.30151367188, 153146.9391784668]"
"[232, 158864.50415039062, 145987.03482055664]"
"[233, 166725.17321777344, 152651.30465698242]"
"[234, 162612.37377929688, 148991.96746826172]"
"[235, 162540.20166015625, 148186.37344360352]"
"[236, 161494.79626464844, 147266.29663085938]"
"[237, 160975.98486328125, 148391.8944091797]"
"[238, 169444.9310913086, 154711.73846435547]"
"[239, 170248.0538330078, 155512.83276367188]"
"[240, 174826.28063964844, 160388.29901123047]"
"[241, 163394.73736572266, 149116.68182373047]"
"[242, 165790.64782714844, 152022.35009765625]"
"[243, 163103.6553955078, 147976.64306640625]"
"[244, 169673.09045410156, 155512.5057373047]"
"[245, 167906.0659790039, 153919.94610595703]"
"[246, 161782.04168701172, 149403.0717163086]"
"[247, 164008.99871826172, 150152.29229736328]"
"[248, 167903.57482910156, 154833.32489013672]"
"[249, 162227.83630371094, 147690.14059448242]"
"[250, 163810.3003540039, 150489.5933227539]"
"[251, 167974.06243896484, 154358.94198608398]"
"[252, 165269.90411376953, 150951.16278076172]"
"[253, 168090.10620117188, 155355.14416503906]"
"[254, 162746.60034179688, 148833.65133666992]"
"[255, 164559.44006347656, 149961.84161376953]"
"[256, 166172.39483642578, 152485.64306640625]"
"[257, 163027.02188110352, 147120.00299072266]"
"[258, 166339.7914428711, 152378.15295410156]"
"[259, 163899.61444091797, 149407.85540771484]"
"[260, 169494.88494873047, 155373.8721923828]"
"[261, 164503.24768066406, 150687.57510375977]"
"[262, 177770.3978881836, 162536.83142089844]"
"[263, 169282.63903808594, 154740.28369140625]"
"[264, 172106.9525756836, 157202.1325378418]"
"[265, 169833.58685302734, 154316.44375610352]"
"[266, 166917.4237060547, 152591.26568603516]"
"[267, 166765.62493896484, 153212.4981689453]"
"[268, 162344.89428710938, 148100.19244384766]"
"[269, 168991.95922851562, 154272.32751464844]"
"[270, 167183.99731445312, 154474.04083251953]"
"[271, 163110.00805664062, 148530.98797607422]"
"[272, 162353.5435180664, 148596.4213256836]"
"[273, 159692.1026611328, 146318.40728759766]"
"[274, 162723.95709228516, 149414.32775878906]"
"[275, 169342.03747558594, 154097.0005493164]"
"[276, 162680.0863647461, 148688.91973876953]"
"[277, 166109.65588378906, 152136.39239501953]"
"[278, 165886.7852783203, 151723.09494018555]"
"[279, 169827.02688598633, 155522.9302368164]"
"[280, 157274.18688964844, 143988.2852783203]"
"[281, 167170.35162353516, 153541.5596923828]"
"[282, 164382.8237915039, 150345.3013305664]"
"[283, 164494.76361083984, 149990.38763427734]"
"[284, 166110.4330444336, 151281.64251708984]"
"[285, 157655.0255126953, 144428.51788330078]"
"[286, 171420.16247558594, 156328.0008239746]"
"[287, 164094.4520263672, 149458.9794921875]"
"[288, 165701.9187927246, 151664.43515014648]"
"[289, 167113.5029296875, 153295.13244628906]"
"[290, 165434.86364746094, 151298.1046142578]"
"[291, 166132.50396728516, 152707.56045532227]"
"[292, 170787.3735961914, 156189.1513671875]"
"[293, 163937.41571044922, 150054.42889404297]"
"[294, 171265.1727294922, 155643.41119384766]"
"[295, 171747.2816772461, 156519.57806396484]"
"[296, 168863.7833251953, 153935.67251586914]"
"[297, 164392.0757446289, 150578.53729248047]"
"[298, 168041.80084228516, 152961.90600585938]"
"[299, 168259.6456298828, 153238.04754638672]"
"[300, 163766.8466796875, 151226.21560668945]"
"[301, 168015.22332763672, 152811.6474609375]"
"[302, 169821.10943603516, 155801.20281982422]"
"[303, 169056.41729736328, 155094.72985839844]"
"[304, 169213.0191040039, 155324.59051513672]"
"[305, 165348.4705810547, 151827.91119384766]"
"[306, 165530.61114501953, 149975.18774414062]"
"[307, 167035.0601196289, 152527.00408935547]"
"[308, 163766.91381835938, 148711.37811279297]"
"[309, 160245.74713134766, 145173.1192932129]"
"[310, 173630.79235839844, 159613.97882080078]"
"[311, 162984.54913330078, 149441.36724853516]"
"[312, 167629.6328125, 153907.10260009766]"
"[313, 162525.9712524414, 149619.11395263672]"
"[314, 166567.47430419922, 152189.51171875]"
"[315, 162377.3214111328, 149120.68829345703]"
"[316, 165940.6983642578, 151981.2716064453]"
"[317, 165052.52758789062, 151191.65676879883]"
"[318, 162494.5021057129, 149250.77661132812]"
"[319, 167932.9412841797, 151043.80236816406]"
"[320, 169693.9877319336, 155638.76342773438]"
"[321, 167428.12530517578, 152631.81268310547]"
"[322, 164736.0479736328, 151238.91772460938]"
"[323, 163450.3699951172, 147973.7293395996]"
"[324, 160073.091796875, 147074.57940673828]"
"[325, 165256.94482421875, 150516.4864807129]"
"[326, 164170.75155639648, 149815.59048461914]"
"[327, 170082.3055419922, 156525.21697998047]"
"[328, 165751.1629638672, 151809.1050415039]"
"[329, 163295.10968017578, 149495.31463623047]"
"[330, 167362.1195678711, 154037.60607910156]"
"[331, 165772.70904541016, 151060.67221069336]"
"[332, 159872.27020263672, 146478.26034545898]"
"[333, 164613.6231689453, 149556.22747802734]"
"[334, 155336.1553955078, 141034.689453125]"
"[335, 165029.0366821289, 151465.37771606445]"
"[336, 162431.66583251953, 148162.58920288086]"
"[337, 166240.33569335938, 151940.5166015625]"
"[338, 162938.50079345703, 148160.22106933594]"
"[339, 166528.56762695312, 151173.4769897461]"
"[340, 168418.82635498047, 154720.78826904297]"
"[341, 158980.2471923828, 146050.0938720703]"
"[342, 153486.87463378906, 139671.71115112305]"
"[343, 166653.93572998047, 151693.578125]"
"[344, 169664.59045410156, 154925.22073364258]"
"[345, 161957.48205566406, 147674.05590820312]"
"[346, 165398.62768554688, 150068.7428894043]"
"[347, 165529.1665649414, 150463.5242919922]"
"[348, 168991.9808959961, 154098.02151489258]"
"[349, 165285.42321777344, 151374.37994384766]"
"[350, 169691.7035522461, 155365.7974243164]"
"[351, 166085.98376464844, 152343.90789794922]"
"[352, 170759.4161376953, 155410.13067626953]"
"[353, 169649.36657714844, 154732.30899047852]"
"[354, 162848.99157714844, 149274.43035888672]"
"[355, 164783.53887939453, 150645.47772216797]"
"[356, 165913.41455078125, 151360.23120117188]"
"[357, 163907.36602783203, 148955.68713378906]"
"[358, 165531.47985839844, 150890.6768798828]"
"[359, 163919.46563720703, 149456.77075195312]"
"[360, 164884.19512939453, 152309.1880493164]"
"[361, 167601.83947753906, 153185.44610595703]"
"[362, 173688.84826660156, 157839.0902709961]"
"[363, 168766.55694580078, 153139.7940979004]"
"[364, 168505.80334472656, 153674.61492919922]"
"[365, 166088.36834716797, 150586.66067504883]"
"[366, 167524.23669433594, 153978.86492919922]"
"[367, 171468.22979736328, 159081.3995361328]"
"[368, 162574.25506591797, 147681.58319091797]"
"[369, 162716.66577148438, 148731.30700683594]"
"[370, 167481.177734375, 154823.6280517578]"
"[371, 168546.310546875, 153721.1474609375]"
"[372, 165569.40795898438, 151544.5987548828]"
"[373, 164537.17779541016, 149659.94729614258]"
"[374, 171137.86590576172, 156698.81497192383]"
"[375, 159086.6640625, 145082.6815185547]"
"[376, 169547.39282226562, 154049.48223876953]"
"[377, 165376.71209716797, 150801.96508789062]"
"[378, 169683.7303466797, 155471.84912109375]"
"[379, 166434.87594604492, 152120.97006225586]"
"[380, 157975.60568237305, 144435.7643737793]"
"[381, 172177.11169433594, 157340.36798095703]"
"[382, 164693.31866455078, 148928.44598388672]"
"[383, 166170.2689819336, 152270.7006225586]"
"[384, 169647.17315673828, 154623.58325195312]"
"[385, 165289.50427246094, 151693.53778076172]"
"[386, 164502.69354248047, 150235.18524169922]"
"[387, 163123.2421875, 149183.73852539062]"
"[388, 166492.77642822266, 151454.13897705078]"
"[389, 164636.33489990234, 150701.3134765625]"
"[390, 163736.09979248047, 151101.2469482422]"
"[391, 171966.83081054688, 157924.02111816406]"
"[392, 165306.5799560547, 149701.87182617188]"
"[393, 159784.6586303711, 145904.6294555664]"
"[394, 166748.30352783203, 152712.99740600586]"
"[395, 170256.3017578125, 154874.2446899414]"
"[396, 166835.35467529297, 151398.65118408203]"
"[397, 159429.4253540039, 143868.3862915039]"
"[398, 166063.646484375, 151811.71868896484]"
"[399, 173210.34423828125, 158465.96145629883]"
"[400, 167926.87774658203, 156120.38012695312]"
"[401, 166902.13897705078, 152702.3355102539]"
"[402, 169858.30450439453, 155619.69146728516]"
"[403, 166945.39129638672, 152558.38626098633]"
"[404, 164211.88696289062, 150081.5562133789]"
"[405, 170508.60076904297, 155183.78643798828]"
"[406, 156968.4229736328, 141594.66052246094]"
"[407, 163868.9047241211, 149024.86743164062]"
"[408, 160845.90618896484, 146029.49194335938]"
"[409, 168904.7022705078, 153268.58502197266]"
"[410, 166686.19201660156, 152766.39511108398]"
"[411, 166774.7240600586, 151558.46209716797]"
"[412, 169619.5209350586, 152750.0383605957]"
"[413, 163260.87042236328, 148254.9973449707]"
"[414, 167147.49951171875, 151279.23065185547]"
"[415, 169080.0274658203, 154758.45098876953]"
"[416, 163901.50469970703, 149229.31939697266]"
"[417, 169880.22760009766, 154169.91522216797]"
"[418, 158661.48013305664, 145728.49993896484]"
"[419, 163810.6967163086, 149218.54901123047]"
"[420, 166956.28045654297, 154291.82055664062]"
"[421, 163512.84704589844, 148614.48223876953]"
"[422, 166293.82431030273, 150299.82180786133]"
"[423, 172432.83807373047, 156715.9041748047]"
"[424, 165597.08526611328, 150247.80722045898]"
"[425, 165536.51196289062, 151705.31707763672]"
"[426, 161202.02923583984, 147536.4448852539]"
"[427, 164987.9468383789, 150447.13092041016]"
"[428, 168137.2944946289, 153451.53302001953]"
"[429, 166826.67837524414, 152391.1189880371]"
"[430, 163587.13317871094, 149696.31439208984]"
"[431, 164200.45959472656, 149485.67700195312]"
"[432, 170738.5633544922, 155508.7843017578]"
"[433, 167736.5355834961, 151810.3314819336]"
"[434, 167244.10205078125, 151986.8555908203]"
"[435, 163312.87353515625, 148920.01629638672]"
"[436, 167075.67138671875, 152823.16445922852]"
"[437, 167198.14428710938, 152379.5919494629]"
"[438, 170648.955078125, 154903.44528198242]"
"[439, 170656.30541992188, 154497.01416015625]"
"[440, 164186.07080078125, 149873.90753173828]"
"[441, 163617.28857421875, 147965.02893066406]"
"[442, 165777.19299316406, 151989.27026367188]"
"[443, 165522.43280029297, 150639.5805053711]"
"[444, 161850.0248413086, 147937.77529907227]"
"[445, 158342.37939453125, 143779.19067382812]"
"[446, 163605.17071533203, 150138.63540649414]"
"[447, 170052.4535522461, 155587.2797241211]"
"[448, 163006.12579345703, 147988.07556152344]"
"[449, 164526.85107421875, 149565.59985351562]"
"[450, 166043.56860351562, 152481.40338134766]"
"[451, 160841.97821044922, 146763.3416748047]"
"[452, 162267.90460205078, 147859.91662597656]"
"[453, 166473.6275024414, 151993.34368896484]"
"[454, 165770.38006591797, 151220.39291381836]"
"[455, 162344.0819091797, 148423.66778564453]"
"[456, 168255.76873779297, 154009.75006103516]"
"[457, 169705.4164428711, 153999.2635498047]"
"[458, 164862.6357421875, 149441.63763427734]"
"[459, 165129.85516357422, 150979.01373291016]"
"[460, 165555.21643066406, 153237.4552001953]"
"[461, 155012.30395507812, 141252.41122436523]"
"[462, 165669.4168701172, 151028.0069885254]"
"[463, 166909.67236328125, 152373.94815063477]"
"[464, 163838.01849365234, 148484.2553100586]"
"[465, 166446.13439941406, 150834.53259277344]"
"[466, 165936.37817382812, 151087.1432800293]"
"[467, 171155.36212158203, 154125.7783203125]"
"[468, 165004.17962646484, 150007.6883544922]"
"[469, 163373.6235961914, 148904.17602539062]"
"[470, 163805.6346435547, 150538.55963134766]"
"[471, 166564.9471435547, 152404.01416015625]"
"[472, 171316.24774169922, 155815.70446777344]"
"[473, 167695.39669799805, 151947.8116455078]"
"[474, 165136.44653320312, 150346.08905029297]"
"[475, 164597.0053100586, 150517.70861816406]"
"[476, 171377.6396484375, 156131.10089111328]"
"[477, 162075.46844482422, 147693.3325805664]"
"[478, 169251.13208007812, 154203.0987548828]"
"[479, 165042.2886352539, 149898.78491210938]"
"[480, 165756.7925415039, 152367.34771728516]"
"[481, 168086.4390258789, 153084.10693359375]"
"[482, 164795.74090576172, 149623.38452148438]"
"[483, 166137.6058959961, 150823.3074951172]"
"[484, 154089.73864746094, 139490.34771728516]"
"[485, 163281.2030029297, 148512.18936157227]"
"[486, 166406.05737304688, 151775.17755126953]"
"[487, 172428.7958984375, 157166.51947021484]"
"[488, 160193.37524414062, 144943.17401123047]"
"[489, 161309.04132080078, 147144.86102294922]"
"[490, 163434.27764892578, 151347.8251953125]"
"[491, 169089.9530029297, 153806.39880371094]"
"[492, 159019.2075805664, 144547.39135742188]"
"[493, 169205.3890991211, 154162.6766357422]"
"[494, 167221.48583984375, 152793.9652709961]"
"[495, 166562.06927490234, 151925.00692749023]"
"[496, 162718.17706298828, 148377.03967285156]"
"[497, 162641.5425415039, 147990.8500366211]"
"[498, 164071.37866210938, 149814.34466552734]"
"[499, 170785.3355102539, 155132.322265625]"
"[500, 166919.34005737305, 153057.82803344727]"
"[501, 168446.50329589844, 153306.03033447266]"
"[502, 164112.25512695312, 149033.2030029297]"
"[503, 165335.06243896484, 149612.15478515625]"
"[504, 157421.0469970703, 142511.62689208984]"
"[505, 166657.88537597656, 151009.36962890625]"
"[506, 165190.64331054688, 150017.97900390625]"
"[507, 164601.0235595703, 150605.42755126953]"
"[508, 170125.53729248047, 155208.42895507812]"
"[509, 172313.2969970703, 155150.82104492188]"
"[510, 169070.01110839844, 155874.24896240234]"
"[511, 167424.75830078125, 153341.65649414062]"
"[512, 165299.19952392578, 150506.99060058594]"
"[513, 167044.3999633789, 150508.03857421875]"
"[514, 167216.22198486328, 151711.42993164062]"
"[515, 166533.7328491211, 151496.00659179688]"
"[516, 169664.95306396484, 154234.22940063477]"
"[517, 171910.03289794922, 155703.72869873047]"
"[518, 158689.8994140625, 144399.25390625]"
"[519, 165675.30981445312, 150745.25830078125]"
"[520, 165775.11682128906, 152049.55712890625]"
"[521, 165847.40234375, 151369.61181640625]"
"[522, 163581.4071044922, 148462.95889282227]"
"[523, 165627.28454589844, 150092.32354736328]"
"[524, 162662.04376220703, 149339.92712402344]"
"[525, 176651.4747314453, 160848.69244384766]"
"[526, 161152.21112060547, 146874.21966552734]"
"[527, 166869.4580078125, 152886.3871459961]"
"[528, 169704.5435180664, 154633.93106079102]"
"[529, 166689.89904785156, 150437.2921142578]"
"[530, 163596.61932373047, 150278.90979003906]"
"[531, 169481.33654785156, 152821.79803466797]"
"[532, 168691.08721923828, 154100.04638671875]"
"[533, 162623.93280029297, 147428.6996459961]"
"[534, 166307.77770996094, 150526.72384643555]"
"[535, 166326.79705810547, 151983.18389892578]"
"[536, 173639.7696533203, 158131.06494140625]"
"[537, 162914.20861816406, 149028.18084716797]"
"[538, 166609.42657470703, 151065.67932128906]"
"[539, 171015.8438720703, 154870.26385498047]"
"[540, 168783.59210205078, 155241.22009277344]"
"[541, 165174.7915649414, 149290.02825927734]"
"[542, 161169.8969116211, 146499.84619140625]"
"[543, 160747.68334960938, 146194.77154541016]"
"[544, 175628.82092285156, 160713.50216674805]"
"[545, 164334.8604736328, 150411.96221923828]"
"[546, 163300.33203125, 148507.51779174805]"
"[547, 171051.8355102539, 155663.20733642578]"
"[548, 160687.96014404297, 146085.85479736328]"
"[549, 168912.19067382812, 154022.6796875]"
"[550, 159358.72467041016, 146498.64935302734]"
"[551, 163267.6636352539, 148490.6719970703]"
"[552, 162919.1030883789, 149118.12310791016]"
"[553, 170938.40240478516, 155157.1117553711]"
"[554, 165045.77075195312, 150923.39361572266]"
"[555, 164888.06927490234, 151109.2261352539]"
"[556, 165868.59356689453, 150300.34014892578]"
"[557, 167862.4393310547, 152381.32034301758]"
"[558, 160570.6280517578, 147294.38159179688]"
"[559, 168213.81732177734, 153492.24615478516]"
"[560, 163930.9490966797, 151860.21264648438]"
"[561, 163570.06060791016, 149791.5191040039]"
"[562, 167989.70330810547, 153794.70568847656]"
"[563, 164269.1283569336, 150636.0362548828]"
"[564, 173620.28454589844, 159957.4229736328]"
"[565, 163605.15328979492, 149628.9946899414]"
"[566, 159254.93963623047, 146086.2836303711]"
"[567, 162953.62115478516, 147919.51885986328]"
"[568, 167901.36584472656, 153618.23168945312]"
"[569, 171492.7236328125, 157878.66217041016]"
"[570, 168485.5239868164, 154322.62426757812]"
"[571, 168837.3740234375, 153769.84338378906]"
"[572, 164146.59356689453, 149452.37274169922]"
"[573, 163683.05029296875, 149248.53594970703]"
"[574, 163259.65728759766, 147800.53826904297]"
"[575, 163788.16674804688, 150206.85546875]"
"[576, 165840.68170166016, 150386.13751220703]"
"[577, 163250.72680664062, 147628.42810058594]"
"[578, 160670.18182373047, 146028.23950195312]"
"[579, 163609.89178466797, 147940.17254638672]"
"[580, 166122.2308959961, 152318.84552001953]"
"[581, 168859.8582763672, 153497.5947265625]"
"[582, 169498.1309814453, 154088.17950439453]"
"[583, 162975.10067749023, 148465.7724609375]"
"[584, 162034.53436279297, 148272.85235595703]"
"[585, 168340.58966064453, 151880.31832885742]"
"[586, 171978.0029296875, 157961.42346191406]"
"[587, 165486.70947265625, 151938.7742919922]"
"[588, 160751.96923828125, 147175.71466064453]"
"[589, 163092.70709228516, 148665.06506347656]"
"[590, 163505.23583984375, 149430.23593139648]"
"[591, 159901.2529296875, 146529.05810546875]"
"[592, 163098.86193847656, 149080.67346191406]"
"[593, 164931.02252197266, 150916.23486328125]"
"[594, 166047.84393310547, 152157.0625]"
"[595, 165460.45587158203, 150815.53936767578]"
"[596, 165599.7925415039, 151237.87551879883]"
"[597, 167725.53491210938, 152102.0587158203]"
"[598, 161909.93524169922, 147667.58465576172]"
"[599, 169796.01037597656, 154954.7412109375]"
"[600, 161808.29223632812, 149015.7227783203]"
"[601, 166749.84252929688, 151885.85165405273]"
"[602, 159765.54235839844, 144979.07489013672]"
"[603, 173904.10864257812, 159356.89880371094]"
"[604, 171147.71356201172, 157149.21392822266]"
"[605, 163103.21868896484, 147747.75936889648]"
"[606, 163649.78784179688, 148742.58319091797]"
"[607, 163245.51348876953, 149009.87335205078]"
"[608, 172351.05279541016, 157350.61651611328]"
"[609, 166249.638671875, 151463.27404785156]"
"[610, 165402.3726196289, 152246.1798095703]"
"[611, 160329.9912109375, 146150.90618896484]"
"[612, 165209.8966064453, 150704.36267089844]"
"[613, 169503.46673583984, 154257.1360168457]"
"[614, 170200.76849365234, 154186.1343383789]"
"[615, 174150.09399414062, 159647.85845947266]"
"[616, 169769.12854003906, 154760.61169433594]"
"[617, 166169.86846923828, 151016.98376464844]"
"[618, 163844.04412841797, 149282.72421264648]"
"[619, 162518.0108642578, 147613.40771484375]"
"[620, 171955.3956298828, 156967.59075927734]"
"[621, 164394.0263671875, 149300.25546264648]"
"[622, 168468.15216064453, 152915.85522460938]"
"[623, 174619.71411132812, 157826.58666992188]"
"[624, 162384.599609375, 148215.59283447266]"
"[625, 175522.76916503906, 158975.1450805664]"
"[626, 168293.23138427734, 152325.68463134766]"
"[627, 165305.10009765625, 150115.0213623047]"
"[628, 166805.15911865234, 152016.59576416016]"
"[629, 165901.94512939453, 150203.39453125]"
"[630, 163890.6619873047, 150991.49237060547]"
"[631, 162810.54724121094, 148546.22817993164]"
"[632, 168149.2589111328, 153654.51754760742]"
"[633, 169130.29498291016, 154453.79907226562]"
"[634, 170283.0863647461, 153634.91262817383]"
"[635, 171233.83709716797, 156659.5390625]"
"[636, 172668.92376708984, 157674.37396240234]"
"[637, 166808.31451416016, 151591.30950927734]"
"[638, 166280.51306152344, 152360.22137451172]"
"[639, 164916.43035888672, 149566.75942993164]"
"[640, 169526.48474121094, 155898.26092529297]"
"[641, 160956.59716796875, 147477.0350341797]"
"[642, 158798.17431640625, 145611.4669189453]"
"[643, 170777.9757080078, 155420.4969482422]"
"[644, 164198.32427978516, 150218.69482421875]"
"[645, 170019.10162353516, 154882.759765625]"
"[646, 165675.97393798828, 150534.5067138672]"
"[647, 167144.19653320312, 152656.99145507812]"
"[648, 164197.7491455078, 148895.58563232422]"
"[649, 167782.39428710938, 151970.19372558594]"
"[650, 157892.61041259766, 144842.13153076172]"
"[651, 163492.97900390625, 147153.53848266602]"
"[652, 173276.57891845703, 156952.88177490234]"
"[653, 173225.51397705078, 157942.73400878906]"
"[654, 168408.0909423828, 153860.90878295898]"
"[655, 164753.97802734375, 149346.29876708984]"
"[656, 161537.5460205078, 147430.99542236328]"
"[657, 163622.4096069336, 149012.29858398438]"
"[658, 171132.24481201172, 155161.46740722656]"
"[659, 174434.0264892578, 158625.9188232422]"
"[660, 166684.22564697266, 151792.71118164062]"
"[661, 170104.2954711914, 154719.0092163086]"
"[662, 165672.75494384766, 151765.46044921875]"
"[663, 168189.36840820312, 153092.03900146484]"
"[664, 166995.56811523438, 153389.4419555664]"
"[665, 167873.44830322266, 152590.18020629883]"
"[666, 168593.70404052734, 152595.91564941406]"
"[667, 161485.29986572266, 147125.73266601562]"
"[668, 166153.0955810547, 152270.89306640625]"
"[669, 163417.41857910156, 148405.40072631836]"
"[670, 169298.16955566406, 154948.9607849121]"
"[671, 165359.59887695312, 151007.02911376953]"
"[672, 169252.12268066406, 155319.28802490234]"
"[673, 166509.20379638672, 151042.21780395508]"
"[674, 168731.3056640625, 153979.43032836914]"
"[675, 166088.08209228516, 151940.5791015625]"
"[676, 159281.22882080078, 144582.27755737305]"
"[677, 169610.96899414062, 155629.4180908203]"
"[678, 162030.14611816406, 147832.24963378906]"
"[679, 160914.7744140625, 146211.59921264648]"
"[680, 168884.8455810547, 153697.9425048828]"
"[681, 169360.0750732422, 154673.01806640625]"
"[682, 165740.36367797852, 149601.73858642578]"
"[683, 170299.26068115234, 155896.30102539062]"
"[684, 167246.39459228516, 152041.77435302734]"
"[685, 161388.85711669922, 146985.53692626953]"
"[686, 161192.08770751953, 146816.3243408203]"
"[687, 162665.65844726562, 147487.0184326172]"
"[688, 167678.47314453125, 152939.90841674805]"
"[689, 171373.40069580078, 155695.07928466797]"
"[690, 174105.25701904297, 159735.79388427734]"
"[691, 165783.0131225586, 150042.68182373047]"
"[692, 159433.3715209961, 145933.10369873047]"
"[693, 162584.04974365234, 146902.40490722656]"
"[694, 171624.490234375, 156947.25561523438]"
"[695, 160356.95629882812, 145470.61889648438]"
"[696, 164804.0235595703, 150178.5850830078]"
"[697, 169259.47033691406, 154197.12475585938]"
"[698, 165802.82946777344, 151103.05722045898]"
"[699, 160615.4525756836, 145848.61682128906]"
"[700, 168735.6007080078, 155116.69149780273]"
"[701, 167745.62115478516, 152353.9139404297]"
"[702, 167007.2592163086, 151490.35516357422]"
"[703, 171678.80096435547, 157016.49798583984]"
"[704, 159934.90850830078, 144841.10870361328]"
"[705, 167673.1616821289, 153008.32357788086]"
"[706, 170842.36376953125, 156683.00622558594]"
"[707, 169039.06573486328, 153781.40838623047]"
"[708, 162324.80395507812, 147912.53839111328]"
"[709, 170512.8853149414, 155244.05792236328]"
"[710, 166522.27685546875, 153427.1219482422]"
"[711, 161919.89404296875, 147791.6062927246]"
"[712, 166966.87890625, 152244.61975097656]"
"[713, 160890.31732177734, 147233.33813476562]"
"[714, 164923.5372314453, 150143.56860351562]"
"[715, 166685.02575683594, 151336.84692382812]"
"[716, 166163.38110351562, 151946.24993896484]"
"[717, 162494.23114013672, 148919.44158935547]"
"[718, 163233.00372314453, 148948.50061035156]"
"[719, 169004.27618408203, 154075.22973632812]"
"[720, 170390.2163696289, 157626.97744750977]"
"[721, 165285.63177490234, 149308.13836669922]"
"[722, 164310.0450439453, 149496.25204467773]"
"[723, 164188.5512084961, 148269.54583740234]"
"[724, 170774.0033569336, 155910.16064453125]"
"[725, 163106.7254638672, 147982.1602783203]"
"[726, 166195.44702148438, 151215.04486083984]"
"[727, 172074.49725341797, 155726.2254638672]"
"[728, 165320.80590820312, 152606.3077392578]"
"[729, 169075.52459716797, 154934.18017578125]"
"[730, 161775.3780517578, 148953.66366577148]"
"[731, 167372.55932617188, 151422.51080322266]"
"[732, 162401.0213623047, 148774.5323486328]"
"[733, 166505.88012695312, 152242.56408691406]"
"[734, 167632.9486694336, 153299.09954833984]"
"[735, 166676.51690673828, 151769.71350097656]"
"[736, 160329.71643066406, 146269.6446533203]"
"[737, 163164.12017822266, 148842.35284423828]"
"[738, 164846.19177246094, 150854.0848388672]"
"[739, 169648.8843383789, 154499.06341552734]"
"[740, 171132.20501708984, 157593.59149169922]"
"[741, 170493.31060791016, 155092.49188232422]"
"[742, 171301.60272216797, 155905.79553222656]"
"[743, 167208.6407470703, 151913.01153564453]"
"[744, 164415.8223876953, 149480.56506347656]"
"[745, 172472.97979736328, 157630.71899414062]"
"[746, 163856.65478515625, 149066.11791992188]"
"[747, 161308.06341552734, 146319.94213867188]"
"[748, 168830.89331054688, 154096.46817016602]"
"[749, 163554.1703491211, 149002.11306762695]"
"[750, 160586.14123535156, 148062.15588378906]"
"[751, 168430.60302734375, 152897.81536865234]"
"[752, 163029.75622558594, 149516.46899414062]"
"[753, 170799.78564453125, 154239.14678955078]"
"[754, 171349.68493652344, 156242.26272583008]"
"[755, 168290.52227783203, 152489.44213867188]"
"[756, 163802.30181884766, 148988.9266052246]"
"[757, 160047.90594482422, 145411.1557006836]"
"[758, 156202.9864501953, 141511.35479736328]"
"[759, 169699.91998291016, 154703.599609375]"
"[760, 166474.16577148438, 153534.9448852539]"
"[761, 164256.04718017578, 149625.1686706543]"
"[762, 166264.2918701172, 151643.65914916992]"
"[763, 169211.86669921875, 153312.2233581543]"
"[764, 166190.38275146484, 151234.14923095703]"
"[765, 167502.29205322266, 152006.82305908203]"
"[766, 160586.10430908203, 146578.61553955078]"
"[767, 159164.05865478516, 145728.57348632812]"
"[768, 159811.70385742188, 144796.27743530273]"
"[769, 174216.2173461914, 159484.86419677734]"
"[770, 165929.61596679688, 150753.3759765625]"
"[771, 169161.7872314453, 153965.05975341797]"
"[772, 171751.86016845703, 155886.63665771484]"
"[773, 161667.95965576172, 147084.3221435547]"
"[774, 162064.77178955078, 148016.8442993164]"
"[775, 164134.92266845703, 147807.54452514648]"
"[776, 172585.07220458984, 157452.15356445312]"
"[777, 162589.11724853516, 146698.8823852539]"
"[778, 171630.83184814453, 155567.5810546875]"
"[779, 163919.94903564453, 149344.0458984375]"
"[780, 168396.84765625, 153616.66821289062]"
"[781, 167814.57000732422, 153884.16241455078]"
"[782, 162411.7374267578, 147494.04049682617]"
"[783, 164895.4380493164, 149789.51263427734]"
"[784, 164248.9140625, 149872.34130859375]"
"[785, 169855.59436035156, 153263.7260131836]"
"[786, 164212.84259033203, 148181.87548828125]"
"[787, 163866.75469970703, 148979.6509399414]"
"[788, 165401.51513671875, 150834.61267089844]"
"[789, 163132.31005859375, 148062.9330444336]"
"[790, 160692.8560180664, 147276.10998535156]"
"[791, 165595.42999267578, 151241.91046142578]"
"[792, 174471.8680419922, 160032.9423828125]"
"[793, 169182.3416748047, 153137.32568359375]"
"[794, 164026.89056396484, 149041.81713867188]"
"[795, 169229.24243164062, 153602.3709716797]"
"[796, 163446.88372802734, 149635.81494140625]"
"[797, 166100.72784423828, 150489.62017822266]"
"[798, 164277.8836669922, 147881.0393371582]"
"[799, 166436.23608398438, 152460.84747314453]"
"[800, 166367.8719482422, 152792.65283203125]"
"[801, 165144.19927978516, 150290.07305908203]"
"[802, 170482.75045776367, 154395.56130981445]"
"[803, 167726.6898803711, 152378.22186279297]"
"[804, 169020.67407226562, 153194.16967773438]"
"[805, 161571.54034423828, 146104.36965942383]"
"[806, 174082.60638427734, 158720.2820739746]"
"[807, 168432.4331665039, 153800.40350341797]"
"[808, 164935.7117919922, 150106.8423461914]"
"[809, 170726.21508789062, 155530.66625976562]"
"[810, 161832.79626464844, 147197.8468322754]"
"[811, 168324.8599243164, 152921.10302734375]"
"[812, 168001.1527709961, 153625.01678466797]"
"[813, 158303.16217041016, 143951.9722290039]"
"[814, 162453.99877929688, 146770.00653076172]"
"[815, 166158.6787109375, 151349.1827392578]"
"[816, 165644.13525390625, 150480.72018432617]"
"[817, 168198.36352539062, 152619.33367919922]"
"[818, 164204.41473388672, 149323.64874267578]"
"[819, 156875.90301513672, 142683.98782348633]"
"[820, 169552.3731689453, 156663.7748413086]"
"[821, 167661.39013671875, 152729.76434326172]"
"[822, 167674.3187866211, 151495.03533935547]"
"[823, 168420.2817993164, 152865.2481689453]"
"[824, 170391.42681884766, 154644.26684570312]"
"[825, 169645.8511352539, 154192.57592773438]"
"[826, 161129.71868896484, 145955.34588623047]"
"[827, 163153.90380859375, 147328.2394104004]"
"[828, 165078.46032714844, 149709.2720336914]"
"[829, 163193.1678466797, 148594.84414672852]"
"[830, 165683.2645263672, 151987.2628173828]"
"[831, 165755.8201904297, 150951.1099243164]"
"[832, 169233.77307128906, 154151.7608642578]"
"[833, 162897.08154296875, 148603.7961730957]"
"[834, 162347.1030883789, 147569.53875732422]"
"[835, 163719.61639404297, 149148.7214050293]"
"[836, 165983.65838623047, 149637.5308227539]"
"[837, 169747.64685058594, 154095.306640625]"
"[838, 170163.85009765625, 154426.91638183594]"
"[839, 163825.12365722656, 148785.7576904297]"
"[840, 164399.60330200195, 151326.18997192383]"
"[841, 163962.3797607422, 149477.90533447266]"
"[842, 167876.7777709961, 153548.34893798828]"
"[843, 158756.59252929688, 144060.0697631836]"
"[844, 164309.65618896484, 149071.46557617188]"
"[845, 166679.13189697266, 151721.05938720703]"
"[846, 164716.48077392578, 150344.09057617188]"
"[847, 175353.15142822266, 159825.64617919922]"
"[848, 165087.56665039062, 148537.99642944336]"
"[849, 169105.7890625, 153353.9122314453]"
"[850, 167739.1372680664, 154554.7889404297]"
"[851, 162029.93975830078, 147473.55935668945]"
"[852, 169360.26782226562, 154599.689453125]"
"[853, 168363.91674804688, 152367.67095947266]"
"[854, 168539.33911132812, 152274.45251464844]"
"[855, 173620.890625, 157918.27947998047]"
"[856, 170633.9369506836, 155723.2837524414]"
"[857, 162668.2523803711, 147797.08978271484]"
"[858, 163034.3500366211, 149003.55114746094]"
"[859, 168894.9086303711, 153507.31994628906]"
"[860, 171277.14935302734, 156854.25372314453]"
"[861, 164526.85290527344, 149385.52490234375]"
"[862, 160954.0078125, 146188.1541442871]"
"[863, 165704.73358154297, 150742.5880126953]"
"[864, 163829.88836669922, 149106.8472290039]"
"[865, 166362.9507446289, 152162.94171142578]"
"[866, 159885.14892578125, 145720.16006469727]"
"[867, 169428.6768798828, 155308.6192626953]"
"[868, 166592.35333251953, 152119.36352539062]"
"[869, 163021.92974853516, 149393.02081298828]"
"[870, 171222.6553955078, 158050.34844970703]"
"[871, 171534.6522216797, 157178.02227783203]"
"[872, 172606.82928466797, 156332.7015991211]"
"[873, 170107.33666992188, 154683.32983398438]"
"[874, 163654.9296875, 148737.7275390625]"
"[875, 154642.4111328125, 140837.6875]"
"[876, 169673.08197021484, 153845.8568725586]"
"[877, 161874.5707397461, 147115.55499267578]"
"[878, 162531.09448242188, 146972.10021972656]"
"[879, 167711.08123779297, 153338.69494628906]"
"[880, 169099.07467651367, 156610.21237182617]"
"[881, 159680.7293701172, 144664.43432617188]"
"[882, 167559.2568359375, 151730.3607788086]"
"[883, 157694.62145996094, 143432.0032043457]"
"[884, 162756.18768310547, 147917.35076904297]"
"[885, 170752.68908691406, 155238.1655883789]"
"[886, 162394.5145263672, 146475.75189208984]"
"[887, 161097.30053710938, 146693.9956665039]"
"[888, 163223.80908203125, 147712.49322509766]"
"[889, 165220.24969482422, 151491.06091308594]"
"[890, 170539.86395263672, 155844.09564208984]"
"[891, 168001.44805908203, 152953.2491455078]"
"[892, 164597.056640625, 149178.26678466797]"
"[893, 166881.90853881836, 152119.91430664062]"
"[894, 162792.68634033203, 148324.74877929688]"
"[895, 165930.24688720703, 151203.0860595703]"
"[896, 165371.2530517578, 150756.68225097656]"
"[897, 160816.53833007812, 145903.38864135742]"
"[898, 160318.626953125, 145270.8734741211]"
"[899, 168982.17346191406, 154007.30377197266]"
"[900, 165367.3589477539, 150221.18029785156]"
"[901, 162551.443359375, 147559.22009277344]"
"[902, 162900.0308227539, 148710.1982421875]"
"[903, 162095.06958007812, 146814.35018920898]"
"[904, 170922.07257080078, 154476.75845336914]"
"[905, 163248.3295288086, 147980.44256591797]"
"[906, 166651.93634033203, 151662.4044189453]"
"[907, 168171.75592041016, 153075.1675415039]"
"[908, 166964.734375, 152309.43200683594]"
"[909, 168939.83959960938, 153819.66802978516]"
"[910, 167967.73114013672, 153971.84356689453]"
"[911, 164229.0389404297, 149736.18634033203]"
"[912, 164201.94451904297, 149943.3182373047]"
"[913, 165085.37243652344, 150499.0480041504]"
"[914, 167236.72784423828, 151458.08798217773]"
"[915, 170100.0083618164, 154473.75885009766]"
"[916, 161148.0780029297, 146405.6485900879]"
"[917, 166056.51763916016, 150863.31085205078]"
"[918, 163142.16247558594, 147961.20895385742]"
"[919, 162484.69006347656, 148099.2352294922]"
"[920, 164958.73321533203, 151443.73321533203]"
"[921, 163309.8682861328, 149881.51739501953]"
"[922, 166295.39154052734, 152258.68594360352]"
"[923, 171068.17919921875, 154611.06463623047]"
"[924, 173417.7176513672, 157597.97354125977]"
"[925, 165208.60412597656, 149291.5721435547]"
"[926, 164316.2978515625, 149796.603515625]"
"[927, 164850.9609375, 149960.07275390625]"
"[928, 168648.22686767578, 152581.41345214844]"
"[929, 157552.5029296875, 142353.12072753906]"
"[930, 170292.62420654297, 154875.80938720703]"
"[931, 158422.34393310547, 142813.7612915039]"
"[932, 163708.21112060547, 149332.47436523438]"
"[933, 167394.91217041016, 151816.1138305664]"
"[934, 160900.69775390625, 146347.0625]"
"[935, 165497.9351196289, 149925.60192871094]"
"[936, 157621.2533569336, 142172.49536132812]"
"[937, 163425.00708007812, 149492.60803222656]"
"[938, 168647.14654541016, 153654.3731689453]"
"[939, 164446.20709228516, 150437.62915039062]"
"[940, 157996.24462890625, 145333.5068359375]"
"[941, 176146.35430908203, 158870.1307373047]"
"[942, 171528.1283569336, 157091.11651611328]"
"[943, 163626.78424072266, 148282.29541015625]"
"[944, 171720.8560180664, 157425.1820678711]"
"[945, 164320.4612121582, 148558.39584350586]"
"[946, 162794.69332885742, 147344.87832641602]"
"[947, 163041.09869384766, 148537.69708251953]"
"[948, 157483.7557373047, 141800.8504638672]"
"[949, 166399.9428100586, 151069.92962646484]"
"[950, 167739.84747314453, 153237.67797851562]"
"[951, 165435.51489257812, 150673.24584960938]"
"[952, 166406.47021484375, 151805.72622680664]"
"[953, 164806.84759521484, 149290.22827148438]"
"[954, 168245.4718017578, 153777.6217956543]"
"[955, 165432.60314941406, 151240.81893920898]"
"[956, 160746.96868896484, 145078.50659179688]"
"[957, 168605.47900390625, 154496.55853271484]"
"[958, 168149.0072631836, 151165.48614501953]"
"[959, 166634.4164428711, 151983.36294555664]"
"[960, 161579.8490600586, 147352.76321411133]"
"[961, 166904.3673095703, 151760.3931274414]"
"[962, 164962.55615234375, 149974.49114990234]"
"[963, 170058.33673095703, 154359.53106689453]"
"[964, 159033.79370117188, 145223.78030395508]"
"[965, 160287.58813476562, 145848.0795288086]"
"[966, 168891.63604736328, 152875.5863647461]"
"[967, 162472.92694091797, 147697.126953125]"
"[968, 169198.54235839844, 154319.9226989746]"
"[969, 167110.66619873047, 150882.50939941406]"
"[970, 169519.1229248047, 156356.14483642578]"
"[971, 161811.79669189453, 147119.25946044922]"
"[972, 160244.8953857422, 146375.5733642578]"
"[973, 167350.59375, 150823.5537109375]"
"[974, 162697.630859375, 146723.40142822266]"
"[975, 161689.96380615234, 147850.6780090332]"
"[976, 165874.52935791016, 150418.1436767578]"
"[977, 161296.2074584961, 146707.2887878418]"
"[978, 160998.45379638672, 145654.97296142578]"
"[979, 163709.84259033203, 148501.01635742188]"
"[980, 165122.2622680664, 151529.70635986328]"
"[981, 157160.40478515625, 142486.8412475586]"
"[982, 168242.9135131836, 153009.7094116211]"
"[983, 164805.03576660156, 149793.8439025879]"
"[984, 162369.03839111328, 148373.93817138672]"
"[985, 166159.2598876953, 150002.9161376953]"
"[986, 169894.15985107422, 154558.9105834961]"
"[987, 168857.76544189453, 153590.09155273438]"
"[988, 167456.8978881836, 151976.48498535156]"
"[989, 159984.8787841797, 145052.2712097168]"
"[990, 166787.16345214844, 154051.2938232422]"
"[991, 164738.1219482422, 149960.56832885742]"
"[992, 158976.06616210938, 144796.3416748047]"
"[993, 158848.68334960938, 143626.75091552734]"
"[994, 172482.71563720703, 158442.42510986328]"
"[995, 166513.11334228516, 151407.6283569336]"
"[996, 158790.92041015625, 143526.32858276367]"
"[997, 165985.53216552734, 151911.0841064453]"
"[998, 163807.23272705078, 148777.5062866211]"
"[999, 164648.6641845703, 150474.28741455078]"
